f1_weighted,accuracy,precision,recall,f1_macro
0.6506117808967166,0.6441005802707931,0.7876938503538374,0.6441005802707931,0.6353883169955926
