f1_weighted,accuracy,precision,recall,f1_macro
0.7132981696183416,0.7059961315280464,0.8130798060054452,0.7059961315280464,0.656354557721327
