f1_weighted,accuracy,precision,recall,f1_macro
0.6313711672287659,0.6189555125725339,0.7401518239762628,0.6189555125725339,0.6019729482600609
