f1_weighted,accuracy,precision,recall,f1_macro
0.7194523256220758,0.7117988394584139,0.7937604049168651,0.7117988394584139,0.667647158304665
