f1_weighted,accuracy,precision,recall,f1_macro
0.31295749123668304,0.3344549125168237,0.38274501612867046,0.3344549125168237,0.3425393630415794
