f1_weighted,accuracy,precision,recall,f1_macro
0.6396692308515327,0.6634429400386848,0.6467613412520944,0.6634429400386848,0.507996918895413
