f1_weighted,accuracy,precision,recall,f1_macro
0.304990291405677,0.35195154777927323,0.3667897450907219,0.35195154777927323,0.40784877753480886
