f1_weighted,accuracy,precision,recall
0.0,0.2651006711409396,0.1762030795251243,0.2651006711409396
