f1_weighted,accuracy,precision,recall,f1_macro
0.30666207946968294,0.35262449528936746,0.36875743142627126,0.35262449528936746,0.4090549945899055
