f1_weighted,accuracy,precision,recall,f1_macro
0.30733967801033124,0.3532974427994616,0.3672734702466826,0.3532974427994616,0.40785577732151274
