f1_weighted,accuracy,precision,recall,f1_macro
0.700976178230223,0.690522243713733,0.7656728098894443,0.690522243713733,0.6448365970878946
