f1_weighted,accuracy,precision,recall,f1_macro
0.30490933264034714,0.3506056527590848,0.3668633312462355,0.3506056527590848,0.4078463849086565
