f1_weighted,accuracy,precision,recall,f1_macro
0.3070592137930923,0.35195154777927323,0.37109962014562403,0.35195154777927323,0.40915298302657865
