f1_weighted,accuracy,precision,recall,f1_macro
0.34625522869213315,0.3795423956931359,0.3638046258595713,0.3795423956931359,0.25226549031909906
