f1_weighted,accuracy,precision,recall,f1_macro
0.676970089085319,0.6866537717601547,0.6874363289146179,0.6866537717601547,0.5301197157941144
