f1_weighted,accuracy,precision,recall,f1_macro
0.5967022127272039,0.6021798365122616,0.6077861599956139,0.6021798365122616,0.4929652289514311
