f1_weighted,accuracy,precision,recall,f1_macro
0.30990043176320897,0.33378196500672946,0.3509530639191091,0.33378196500672946,0.3341196430243037
