f1_weighted,accuracy,precision,recall,f1_macro
0.31871772854583974,0.3728129205921938,0.3981167674519525,0.3728129205921938,0.3623856799583504
