f1_weighted,accuracy,precision,recall,f1_macro
0.2484908775218454,0.2779273216689098,0.32853200628252155,0.2779273216689098,0.283017342688485
