f1_weighted,accuracy,precision,recall,f1_macro
0.6511268510537697,0.6344294003868471,0.7105299863806056,0.6344294003868471,0.5289178936808336
