f1_weighted,accuracy,precision,recall,f1_macro
0.6531479976810869,0.6382978723404256,0.7064396062120943,0.6382978723404256,0.5355629453605952
