f1_weighted,accuracy,precision,recall,f1_macro
0.2484060660782921,0.27927321668909827,0.3204149335002155,0.27927321668909827,0.28072012363764476
