f1_weighted,accuracy,precision,recall,f1_macro
0.3064749141113391,0.37079407806191117,0.41737039461229053,0.37079407806191117,0.42621878530270363
