f1_weighted,accuracy,precision,recall,f1_macro
0.2975820261102736,0.37012113055181695,0.4086085776348176,0.37012113055181695,0.40741276308788754
