f1_weighted,accuracy,precision,recall,f1_macro
0.285857825060595,0.3075370121130552,0.3583567536643465,0.3075370121130552,0.3103936665873433
