f1_weighted,accuracy,precision,recall,f1_macro
0.2908900062996988,0.32772543741588156,0.36919620572862766,0.32772543741588156,0.3563583280474035
