f1_weighted,accuracy,precision,recall,f1_macro
0.28720781394449885,0.3620457604306864,0.4132875628520102,0.3620457604306864,0.4137898213125391
