f1_weighted,accuracy,precision,recall,f1_macro
0.2950045803492164,0.3135935397039031,0.3784365713874155,0.3135935397039031,0.32797590186713305
