f1_weighted,accuracy,precision,recall,f1_macro
0.29951082094524084,0.3714670255720054,0.3823923011559369,0.3714670255720054,0.41211207965945623
