f1_weighted,accuracy,precision,recall,f1_macro
0.30742877704557153,0.3714670255720054,0.3645345522351248,0.3714670255720054,0.26154260244352434
