f1_weighted,accuracy,precision,recall,f1_macro
0.3136390226213423,0.35800807537012114,0.3186619498462711,0.35800807537012114,0.2629042141527533
