f1_weighted,accuracy,precision,recall,f1_macro
0.2724852542101736,0.3149394347240915,0.3350298060420478,0.3149394347240915,0.3015105888119872
