f1_weighted,accuracy,precision,recall,f1_macro
0.2591486820089829,0.3034993270524899,0.37350879807510046,0.3034993270524899,0.31981074420738975
