f1_weighted,accuracy,precision,recall,f1_macro
0.27588655603861145,0.31763122476446837,0.32182876565349305,0.31763122476446837,0.3614303851866062
