f1_weighted,accuracy,precision,recall,f1_macro
0.30364749344196373,0.37415881561238223,0.3205052285033113,0.37415881561238223,0.33909469518061197
