f1_weighted,accuracy,precision,recall,f1_macro
0.30398294337743814,0.36810228802153433,0.33544459831834633,0.36810228802153433,0.35102577278313774
