f1_weighted,accuracy,precision,recall,f1_macro
0.29904808497055196,0.3566621803499327,0.3161781900587068,0.3566621803499327,0.3193683423699591
