f1_weighted,accuracy,precision,recall,f1_macro
0.289044318824016,0.35868102288021536,0.33783173045049686,0.35868102288021536,0.324213481026398
