f1_weighted,accuracy,precision,recall,f1_macro
0.2601544167163546,0.2981157469717362,0.33203880440377403,0.2981157469717362,0.2756241755318554
