f1_weighted,accuracy,precision,recall,f1_macro
0.280933051842973,0.34589502018842533,0.40460571060083705,0.34589502018842533,0.3424712845784702
