f1_weighted,accuracy,precision,recall,f1_macro
0.2808503638964303,0.32772543741588156,0.3590558656513954,0.32772543741588156,0.3262434744684112
