f1_weighted,accuracy,precision,recall,f1_macro
0.23474515787203293,0.2765814266487214,0.3464726023504776,0.2765814266487214,0.2796370520995803
