f1_weighted,accuracy,precision,recall,f1_macro
0.2490305927047139,0.2853297442799462,0.34596722498463034,0.2853297442799462,0.30807659012652056
