f1_weighted,accuracy,precision,recall,f1_macro
0.31138220963626917,0.3775235531628533,0.420724332369616,0.3775235531628533,0.43326329965156757
