precision_micro,recall_micro,f1_micro,precision_macro,recall_macro,f1_macro
0.875,0.5121951219512195,0.6461538461538462,0.7666666666666667,0.41944444444444445,0.4955844155844156
