precision_micro,recall_micro,f1_micro,precision_macro,recall_macro,f1_macro
0.5517241379310345,0.27586206896551724,0.367816091954023,0.5824561403508772,0.4014102564102564,0.4011145942180424
