precision_micro,recall_micro,f1_micro,precision_macro,recall_macro,f1_macro
0.6346153846153846,0.5689655172413793,0.6,0.6,0.48858974358974355,0.4338271604938272
